,Chapter Number Pointer,Object Type,Palette,Tile Configuration,Map,Tile Animation 1,Tile Animation 2,Triggerable Map Changes,Fog of War sight level (0 = No fog),Gas Trap Level,Battle Preparations,Chapter ID,Supply List,,Weather Condition,Battle tileset,,Player Phase music,Enemy Phase music,NPC Phase music,Player Phase music 2,Enemy Phase music 2,NPC Phase music 2,Attack Theme,Defense Theme,,Destructible Walls HP,,Chapter Name ID,Chapter Name ID 2,Event Data Reference,Worldmap Chapter Prologue Scene,,Prep Screen Number * 2,,No. of enemies left for Grasping at Victory,Chapter Title Display Fade-out,Status - Objective Text,Goal Window Text,Goal Window Information,Turns to count down to +1,Protect Character Marker,Tile Marker - X-Coordinate,Tile Marker - Y-Coordinate,,,,ChapterDataUnknown16,ChapterDataUnknown20,ChapterDataUnknown34,ChapterDataUnknown45,ChapterDataUnknown118,ChapterDataUnknown129,ChapterDataUnknown145
Prologue,0x0,0x0,0x0,0x0,PrologueMap,0x0,0x0,0x0,0,4,0,Prologue,0,,0,0x0,,PrologueMusic,PrologueMusic,PrologueMusic,PrologueMusic,PrologueMusic,PrologueMusic,0,0,,50,,PrologueNameText,PrologueNameText,PrologueEvent,0x1,,0,,0,0x1,0x0,0x0,0x0,0,0x0,255,0,,,,0x100,0x10,0xffffffff000bffff0009,0x42400000424000004240000042400000028002800280028003c003c003c003c005000500050005000640064006400640008080808070707070606060605050505,0xffff00,0x0,0x9
,,,,,,,,,,,,,,,,,,,,,,,,,,,,,,,,,,,,,,,,,,,,,,,,,,,,,,
Mage1,0x0,0x0,0x0,0x0,SmallRuinMap,0x0,0x0,SmallRuinChanges,0,4,0,Mage1,0,,0,0x0,,Earthbound,Encounter_with_Renegades,Binding_Vow,Earthbound,Encounter_with_Renegades,Binding_Vow,Take_Em_Down,We_Strive,,50,,Mage1NameText,Mage1NameText,Mage1Events,0x1,,2,,1,0x1,Mage1StatusText,DefeatBossText,0x0,0,0x0,255,0,,,,0x100,0x244,0xffffffff000bffffffff,0x42400000424000004240000042400000028002800280028003c003c003c003c005000500050005000640064006400640008080808070707070606060605050505,0xffff00,0x0,0xc
MageLeave2,0x0,0x0,0x0,0x0,ArcanaeEscapeMap,0x0,0x0,ArcanaeEscapeChanges,0,4,0,MageLeave2,0,,0,0x0,,Ascent,Encounter_with_Renegades,Binding_Vow,Ascent,Encounter_with_Renegades,Binding_Vow,Take_Em_Down,We_Strive,,50,,Mage2LeaveNameText,Mage2LeaveNameText,Mage2LeaveEvents,0x1,,4,,1,0x1,Mage2LeaveStatusText,EscapeText,0x0,0,0x0,255,0,,,,0x100,0x244,0xffffffff000bffffffff,0x42400000424000004240000042400000028002800280028003c003c003c003c005000500050005000640064006400640008080808070707070606060605050505,0xffff00,0x0,0xc
MageSearch2,0x0,0x0,0x0,0x0,MageArchiveMap,0x0,0x0,MageArchiveChanges,0,4,0,MageSearch2,0,,0,0x0,,Seventh_Saga_Dungeon,Battle_against_Demons,Binding_Vow,Seventh_Saga_Dungeon,Battle_against_Demons,Binding_Vow,Take_Em_Down,We_Strive,,50,,Mage2SearchNameText,Mage2SearchNameText,Mage2SearchEvents,0x1,,4,,1,0x1,Mage2SearchStatusText,SeizeText,0x0,0,0x0,255,0,,,,0x100,0x244,0xffffffff000bffffffff,0x42400000424000004240000042400000028002800280028003c003c003c003c005000500050005000640064006400640008080808070707070606060605050505,0xffff00,0x0,0xc
MageLeave3,0x0,0x0,0x0,0x0,MageForestRoadMap,0x0,0x0,0x0,0,4,0,MageLeave3,NormalSupplyList|IsPointer,,0,0x0,,FE5_Advance,Encroaching_Foe,Binding_Vow,FE5_Advance,Encroaching_Foe,Binding_Vow,Take_Em_Down,We_Strive,,50,,Mage3LeaveNameText,Mage3LeaveNameText,Mage3LeaveEvents,0x1,,6,,1,0x1,Mage3LeaveStatusText,DefeatBossText,0x0,0,0x0,255,0,,,,0x100,0x244,0xffffffff000bffffffff,0x42400000424000004240000042400000028002800280028003c003c003c003c005000500050005000640064006400640008080808070707070606060605050505,0xffff00,0x0,0xc
MageSearch3,0x0,0x0,0x0,0x0,MageOasisMap,0x0,0x0,0x0,0,4,0,MageSearch3,NormalSupplyList|IsPointer,,0,0x0,,Dry_Trail,Saturos_Battle,Binding_Vow,Dry_Trail,Saturos_Battle,Binding_Vow,Take_Em_Down,We_Strive,,50,,Mage3SearchNameText,Mage3SearchNameText,Mage3SearchEvents,0x1,,6,,1,0x1,Mage3SearchStatusText,DefeatBossText,0x0,0,0x0,255,0,,,,0x100,0x244,0xffffffff000bffffffff,0x42400000424000004240000042400000028002800280028003c003c003c003c005000500050005000640064006400640008080808070707070606060605050505,0xffff00,0x0,0xc
MageSearch4,0x0,0x0,0x0,0x0,MageCrossroadsMap,0x0,0x0,MageCrossroadsChanges,0,4,0,MageSearch4,NormalSupplyList|IsPointer,,0,0x0,,Crossroads,Battle_One,Binding_Vow,Crossroads,Battle_One,Binding_Vow,Take_Em_Down,We_Strive,,50,,Mage4SearchNameText,Mage4SearchNameText,Mage4SearchEvents,0x1,,8,,1,0x1,Mage4SearchStatusText,DefeatBossText,0x0,0,0x0,255,0,,,,0x100,0x244,0xffffffff000bffffffff,0x42400000424000004240000042400000028002800280028003c003c003c003c005000500050005000640064006400640008080808070707070606060605050505,0xffff00,0x0,0xc
MageSearchArcanae5,0x0,0x0,0x0,0x0,MageCompoundMap,0x0,0x0,0x0,0,4,0,MageSearchArcanae5,NormalSupplyList|IsPointer,,0,0x0,,Like_a_Glint_of_Light,Blindly_Charging,Binding_Vow,Like_a_Glint_of_Light,Blindly_Charging,Binding_Vow,Light_Em_Up,We_Will_Endure,,50,,Mage5SearchArcanaeNameText,Mage5SearchArcanaeNameText,Mage5SearchArcanaeEvents,0x1,,10,,1,0x1,Mage5SearchArcanaeStatusText,DefendText,TurnNumberGoal,11,0x0,255,0,,,,0x100,0x244,0xffffffff000bffffffff,0x42400000424000004240000042400000028002800280028003c003c003c003c005000500050005000640064006400640008080808070707070606060605050505,0xffff00,0x0,0xc
MageSearchArcanae6,0x0,0x0,0x0,0x0,MageOuterRingMap,0x0,0x0,MageOuterRingChanges,0,4,0,MageSearchArcanae6,NormalSupplyList|IsPointer,,0,0x0,,Town_of_Winds_and_Ruins,Fury_Sparks,Binding_Vow,Town_of_Winds_and_Ruins,Fury_Sparks,Binding_Vow,Light_Em_Up,We_Will_Endure,,50,,Mage6SearchArcanaeNameText,Mage6SearchArcanaeNameText,Mage6SearchArcanaeEvents,0x1,,12,,1,0x1,Mage6SearchArcanaeStatusText,DefeatBossText,0x0,0,0x0,255,0,,,,0x100,0x244,0xffffffff000bffffffff,0x42400000424000004240000042400000028002800280028003c003c003c003c005000500050005000640064006400640008080808070707070606060605050505,0xffff00,0x0,0xc
MageSearchArcanae7,0x0,0x0,0x0,0x0,MageEngineMap,0x0,0x0,MageEngineChanges,0,4,0,MageSearchArcanae7,NormalSupplyList|IsPointer,,0,0x0,,Cataclysm,A_Formidable_Foe_Stands_in_the_Way,Binding_Vow,Cataclysm,A_Formidable_Foe_Stands_in_the_Way,Binding_Vow,Show_Em_Whats_What,We_Will_Hold_the_Line,,50,,Mage7SearchArcanaeNameText,Mage7SearchArcanaeNameText,Mage7SearchArcanaeEvents,0x1,,14,,1,0x1,Mage7SearchArcanaeStatusText,DefeatBossText,0x0,0,0x0,255,0,,,,0x100,0x244,0xffffffff000bffffffff,0x42400000424000004240000042400000028002800280028003c003c003c003c005000500050005000640064006400640008080808070707070606060605050505,0xffff00,0x0,0xc
MageSearchEfil5,0x0,0x0,0x0,0x0,MageDeepDesertMap,0x0,0x0,0x0,0,4,0,MageSearchEfil5,NormalSupplyList|IsPointer,,6,0x0,,Fatalize,Isaac_Battle,Binding_Vow,Fatalize,Isaac_Battle,Binding_Vow,Light_Em_Up,We_Will_Endure,,50,,Mage5SearchEfilNameText,Mage5SearchEfilNameText,Mage5SearchEfilEvents,0x1,,10,,1,0x1,Mage5SearchEfilStatusText,EscapeText,0x0,0,0x0,255,0,,,,0x100,0x244,0xffffffff000bffffffff,0x42400000424000004240000042400000028002800280028003c003c003c003c005000500050005000640064006400640008080808070707070606060605050505,0xffff00,0x0,0xc
MageSearchEfil6,0x0,0x6C,0x6D,0x6E,LotsOfRoomsMap,_6CAnims,0x0,LotsOfRoomsChanges,0,4,0,MageSearchEfil6,NormalSupplyList|IsPointer,,0,0x0,,Heavens_Gate,Agatio_and_Karst_Battle,Binding_Vow,Heavens_Gate,Agatio_and_Karst_Battle,Binding_Vow,Light_Em_Up,We_Will_Endure,,50,,Mage6SearchEfilNameText,Mage6SearchEfilNameText,Mage6SearchEfilEvents,0x1,,12,,1,0x1,Mage6SearchEfilStatusText,DefeatBossText,0x0,0,0x0,255,0,,,,0x100,0x244,0xffffffff000bffffffff,0x42400000424000004240000042400000028002800280028003c003c003c003c005000500050005000640064006400640008080808070707070606060605050505,0xffff00,0x0,0xc
MageSearchEfil7,0x0,0x6C,0x6D,0x6E,KilthelTempleMap,_6CAnims,0x0,KilthelTempleChanges,0,4,0,MageSearchEfil7,NormalSupplyList|IsPointer,,0,0x0,,Inanimate_Dream,Alachest_Final,Binding_Vow,Inanimate_Dream,Alachest_Final,Binding_Vow,Show_Em_Whats_What,We_Will_Hold_the_Line,,50,,Mage7SearchEfilNameText,Mage7SearchEfilNameText,Mage7SearchEfilEvents,0x1,,14,,1,0x1,Mage7SearchEfilStatusText,DefeatBossText,0x0,0,0x0,255,0,,,,0x100,0x244,0xffffffff000bffffffff,0x42400000424000004240000042400000028002800280028003c003c003c003c005000500050005000640064006400640008080808070707070606060605050505,0xffff00,0x0,0xc
MageLeaveRevenge4,0x0,0x0,0x0,0x0,MageHuntersTrailMap,0x0,0x0,0x0,0,4,0,MageLeaveRevenge4,NormalSupplyList|IsPointer,,0,0x0,,FE5_Destiny,Full_Force,Binding_Vow,FE5_Destiny,Full_Force,Binding_Vow,Take_Em_Down,We_Strive,,50,,Mage4LeaveRevengeNameText,Mage4LeaveRevengeNameText,Mage4LeaveRevengeEvents,0x1,,8,,1,0x1,Mage4LeaveRevengeStatusText,DefeatAllText,EnemyCountGoal,0,0x0,255,0,,,,0x100,0x244,0xffffffff000bffffffff,0x42400000424000004240000042400000028002800280028003c003c003c003c005000500050005000640064006400640008080808070707070606060605050505,0xffff00,0x0,0xc
MageLeaveRevenge5,0x0,0x3C,0x3D,0x3E,ClintManorMap,_3CAnims,0x0,ClintManorChanges,0,4,0,MageLeaveRevenge5,NormalSupplyList|IsPointer,,0,0x0,,Presidents_Office,Wrath_Strike,Binding_Vow,Presidents_Office,Wrath_Strike,Binding_Vow,Light_Em_Up,We_Will_Endure,,50,,Mage5LeaveRevengeNameText,Mage5LeaveRevengeNameText,Mage5LeaveRevengeEvents,0x1,,10,,1,0x1,Mage5LeaveRevengeStatusText,SeizeText,0x0,0,0x0,255,0,,,,0x100,0x244,0xffffffff000bffffffff,0x42400000424000004240000042400000028002800280028003c003c003c003c005000500050005000640064006400640008080808070707070606060605050505,0xffff00,0x0,0xc
MageLeaveRevenge6,0x0,0x18,0x48,0x1A,PrisonBreakMap,_18Anims,0x0,PrisonBreakChanges,0,4,0,MageLeaveRevenge6,NormalSupplyList|IsPointer,,0,0x0,,Marble_Corridor,Kavoc,Binding_Vow,Marble_Corridor,Kavoc,Binding_Vow,Light_Em_Up,We_Will_Endure,,50,,Mage6LeaveRevengeNameText,Mage6LeaveRevengeNameText,Mage6LeaveRevengeEvents,0x1,,12,,1,0x1,Mage6LeaveRevengeStatusText,DefeatBossText,0x0,0,0x0,255,0,,,,0x100,0x244,0xffffffff000bffffffff,0x42400000424000004240000042400000028002800280028003c003c003c003c005000500050005000640064006400640008080808070707070606060605050505,0xffff00,0x0,0xc
MageLeaveRevenge7,0x0,0x18,0x57,0x1A,BacrunCastleMap,_18Anims,0x0,BacrunCastleChanges,0,4,0,MageLeaveRevenge7,NormalSupplyList|IsPointer,,0,0x0,,Cutting_Edge_of_Notion,Showdown_with_Hector_New,Binding_Vow,Cutting_Edge_of_Notion,Showdown_with_Hector_New,Binding_Vow,Show_Em_Whats_What,We_Will_Hold_the_Line,,50,,Mage7LeaveRevengeNameText,Mage7LeaveRevengeNameText,Mage7LeaveRevengeEvents,0x1,,14,,1,0x1,Mage7LeaveRevengeStatusText,DefeatBossText,0x0,0,0x0,255,0,,,,0x100,0x244,0xffffffff000bffffffff,0x42400000424000004240000042400000028002800280028003c003c003c003c005000500050005000640064006400640008080808070707070606060605050505,0xffff00,0x0,0xc
MageLeaveRefuge4,0x0,0x0,0x0,0x0,MageMarketMap,0x0,0x0,MageMarketChanges,0,4,0,MageLeaveRefuge4,NormalSupplyList|IsPointer,,0,0x0,,Casino_Night,Nara_and_Mara_Battle,Binding_Vow,Casino_Night,Nara_and_Mara_Battle,Binding_Vow,Take_Em_Down,We_Strive,,50,,Mage4LeaveRefugeNameText,Mage4LeaveRefugeNameText,Mage4LeaveRefugeEvents,0x1,,8,,1,0x1,Mage4LeaveRefugeStatusText,DefeatBossText,0x0,0,0x0,255,0,,,,0x100,0x244,0xffffffff000bffffffff,0x42400000424000004240000042400000028002800280028003c003c003c003c005000500050005000640064006400640008080808070707070606060605050505,0xffff00,0x0,0xc
MageLeaveRefugeMuriel5,0x0,0x0,0x0,0x0,MagePortMap,0x0,0x0,MagePortChanges,0,4,0,MageLeaveRefugeMuriel5,NormalSupplyList|IsPointer,,0,0x0,,Good_Song,Nekonin,Binding_Vow,Good_Song,Nekonin,Binding_Vow,Light_Em_Up,We_Will_Endure,,50,,Mage5LeaveRefugeMurielNameText,Mage5LeaveRefugeMurielNameText,Mage5LeaveRefugeMurielEvents,0x1,,10,,1,0x1,Mage5LeaveRefugeMurielStatusText,DefeatBossText,0x0,0,0x0,255,0,,,,0x100,0x244,0xffffffff000bffffffff,0x42400000424000004240000042400000028002800280028003c003c003c003c005000500050005000640064006400640008080808070707070606060605050505,0xffff00,0x0,0xc
MageLeaveRefugeMuriel6,0x0,0x0E,0x0F,0x10,ShizonDefenseMap,_0EAnims,0x0,ShizonDefenseChanges,0,4,0,MageLeaveRefugeMuriel6,NormalSupplyList|IsPointer,,0,0x0,,Winds_across_the_Plains_of_Avenir,Burning_Fighting_Spirit,Binding_Vow,Winds_across_the_Plains_of_Avenir,Burning_Fighting_Spirit,Binding_Vow,Light_Em_Up,We_Will_Endure,,50,,Mage6LeaveRefugeMurielNameText,Mage6LeaveRefugeMurielNameText,Mage6LeaveRefugeMurielEvents,0x1,,12,,1,0x1,Mage6LeaveRefugeMurielStatusText,DefendText,TurnNumberGoal,12,0x0,255,0,,,,0x100,0x244,0xffffffff000bffffffff,0x42400000424000004240000042400000028002800280028003c003c003c003c005000500050005000640064006400640008080808070707070606060605050505,0xffff00,0x0,0xc
MageLeaveRefugeMuriel7,0x0,0x01,0x38,0x03,BigBattlegroundMap,_01Anims,0x0,0x0,0,4,0,MageLeaveRefugeMuriel7,NormalSupplyList|IsPointer,,0,0x0,,Victorys_Delight,Battle_Two,Binding_Vow,Victorys_Delight,Battle_Two,Binding_Vow,Show_Em_Whats_What,We_Will_Hold_the_Line,,50,,Mage7LeaveRefugeMurielNameText,Mage7LeaveRefugeMurielNameText,Mage7LeaveRefugeMurielEvents,0x1,,14,,1,0x1,Mage7LeaveRefugeMurielStatusText,DefeatBossText,0x0,0,0x0,255,0,,,,0x100,0x244,0xffffffff000bffffffff,0x42400000424000004240000042400000028002800280028003c003c003c003c005000500050005000640064006400640008080808070707070606060605050505,0xffff00,0x0,0xc
MageLeaveRefugeMistlain5,0x0,0x0,0x0,0x0,MageOutskirtsMap,0x0,0x0,MageOutskirtsChanges,0,4,0,MageLeaveRefugeMistlain5,NormalSupplyList|IsPointer,,0,0x0,,Off_Key,Encroaching_Foe,Binding_Vow,Off_Key,Encroaching_Foe,Binding_Vow,Light_Em_Up,We_Will_Endure,,50,,Mage5LeaveRefugeMistlainNameText,Mage5LeaveRefugeMistlainNameText,Mage5LeaveRefugeMistlainEvents,0x1,,10,,1,0x1,Mage5LeaveRefugeMistlainStatusText,SeizeText,0x0,0,0x0,255,0,,,,0x100,0x244,0xffffffff000bffffffff,0x42400000424000004240000042400000028002800280028003c003c003c003c005000500050005000640064006400640008080808070707070606060605050505,0xffff00,0x0,0xc
MageLeaveRefugeMistlain6,0x0,0x3C,0xCE,0x3E,ArcanaeEscapeMap,_3CAnims,0x0,ArcanaeEscapeChanges,0,4,0,MageLeaveRefugeMistlain6,NormalSupplyList|IsPointer,,0,0x0,,Ascent,Wrath_Strike,Binding_Vow,Ascent,Wrath_Strike,Binding_Vow,Light_Em_Up,We_Will_Endure,,50,,Mage6LeaveRefugeMistlainNameText,Mage6LeaveRefugeMistlainNameText,Mage6LeaveRefugeMistlainEvents,0x1,,12,,1,0x1,Mage6LeaveRefugeMistlainStatusText,DefeatBossText,0x0,0,0x0,255,0,,,,0x100,0x244,0xffffffff000bffffffff,0x42400000424000004240000042400000028002800280028003c003c003c003c005000500050005000640064006400640008080808070707070606060605050505,0xffff00,0x0,0xc
MageLeaveRefugeMistlain7,0x0,0x0,0x0,0x0,MageGateMap,0x0,0x0,0x0,0,4,0,MageLeaveRefugeMistlain7,NormalSupplyList|IsPointer,,5,0x0,,A_Hero_Falls,Bergentruckung,Binding_Vow,A_Hero_Falls,Bergentruckung,Binding_Vow,Show_Em_Whats_What,We_Will_Hold_the_Line,,50,,Mage7LeaveRefugeMistlainNameText,Mage7LeaveRefugeMistlainNameText,Mage7LeaveRefugeMistlainEvents,0x1,,14,,1,0x1,Mage7LeaveRefugeMistlainStatusText,EscapeText,0x0,0,0x0,255,0,,,,0x100,0x244,0xffffffff000bffffffff,0x42400000424000004240000042400000028002800280028003c003c003c003c005000500050005000640064006400640008080808070707070606060605050505,0xffff00,0x0,0xc
True1,0x0,0x2E,0x34,0x30,PlainsMap,_2EAnims,0x0,PlainsChanges,0,4,0,True1,NormalSupplyList|IsPointer,,0,0x0,,Fields_of_Avenir,Shadow_of_the_Enemy,Binding_Vow,Fields_of_Avenir,Shadow_of_the_Enemy,Binding_Vow,Drop_Em,We_Will_Persevere,,50,,True1NameText,True1NameText,True1Events,0x1,,2,,1,0x1,True1StatusText,DefeatBossText,0x0,0,0x0,255,0,,,,0x100,0x244,0xffffffff000bffffffff,0x42400000424000004240000042400000028002800280028003c003c003c003c005000500050005000640064006400640008080808070707070606060605050505,0xffff00,0x0,0xc
True2,0x0,0x0E,0x0F,0x10,TrainingFortressMap,_0EAnims,0x0,0x0,0,4,0,True2,NormalSupplyList|IsPointer,,0,0x0,,Life_in_the_Military,Boss_Theme,Binding_Vow,Life_in_the_Military,Boss_Theme,Binding_Vow,Knock_Em_Around,We_Stand,,50,,True2NameText,True2NameText,True2Events,0x1,,4,,1,0x1,True2StatusText,DefeatAllText,EnemyCountGoal,0,0x0,255,0,,,,0x100,0x244,0xffffffff000bffffffff,0x42400000424000004240000042400000028002800280028003c003c003c003c005000500050005000640064006400640008080808070707070606060605050505,0xffff00,0x0,0xc
True3,0x0,DesertTempleObjectSet,DesertTemplePalette,DesertTempleTileConfig,SmallRuinMap,DesertTempleAnims,0x0,SmallRuinChanges,0,4,0,True3,NormalSupplyList|IsPointer,,0,0x0,,Earthbound,Encounter_with_Renegades,Binding_Vow,Earthbound,Encounter_with_Renegades,Binding_Vow,Take_Em_Down,We_Strive,,50,,True3NameText,True3NameText,True3Events,0x1,,6,,1,0x1,True3StatusText,DefeatBossText,0x0,0,0x0,255,0,,,,0x100,0x244,0xffffffff000bffffffff,0x42400000424000004240000042400000028002800280028003c003c003c003c005000500050005000640064006400640008080808070707070606060605050505,0xffff00,0x0,0xc
True4,0x0,0x0,0x0,0x0,TrueRealmMap,0x0,0x0,0x0,0,4,0,True4,NormalSupplyList|IsPointer,,0,0x0,,Avatars_of_Avenir,The_Guardian_Spirit,Binding_Vow,Avatars_of_Avenir,The_Guardian_Spirit,Binding_Vow,Annihilate_Em,End_Em,,50,,True4NameText,True4NameText,True4Events,0x1,,8,,1,0x1,True4StatusText,DefeatBossText,0x0,0,0x0,255,0,,,,0x100,0x244,0xffffffff000bffffffff,0x42400000424000004240000042400000028002800280028003c003c003c003c005000500050005000640064006400640008080808070707070606060605050505,0xffff00,0x0,0xc
,,,,,,,,,,,,,,,,,,,,,,,,,,,,,,,,,,,,,,,,,,,,,,,,,,,,,,
Military1,0x0,0x0,0x0,0x0,TrainingFortressMap,0x0,0x0,0x0,0,4,0,Military1,0,,0,0x0,,Ringabel,Boss_Theme,Binding_Vow,Ringabel,Boss_Theme,Binding_Vow,Knock_Em_Around,We_Stand,,50,,Military1NameText,Military1NameText,Military1Events,0x1,,2,,1,0x1,Military1StatusText,DefeatAllText,EnemyCountGoal,0,0x0,255,0,,,,0x100,0x244,0xffffffff000bffffffff,0x42400000424000004240000042400000028002800280028003c003c003c003c005000500050005000640064006400640008080808070707070606060605050505,0xffff00,0x0,0xc
MilitaryAccept2,0x0,0x0,0x0,0x0,SkirmishMap,0x0,0x0,0x0,0,4,0,MilitaryAccept2,NormalSupplyList|IsPointer,,0,0x0,,Fodlan_Winds,Encounter_with_Renegades,Binding_Vow,Fodlan_Winds,Encounter_with_Renegades,Binding_Vow,Knock_Em_Around,We_Stand,,50,,Military2AcceptNameText,Military2AcceptNameText,Military2AcceptEvents,0x1,,4,,1,0x1,Military2AcceptStatusText,DefeatBossText,0x0,0,0x0,255,0,,,,0x100,0x244,0xffffffff000bffffffff,0x42400000424000004240000042400000028002800280028003c003c003c003c005000500050005000640064006400640008080808070707070606060605050505,0xffff00,0x0,0x18
MilitaryAccept3,0x0,0x0,0x0,0x0,DefenseFortMap,0x0,0x0,0x0,0,4,0,MilitaryAccept3,NormalSupplyList|IsPointer,,0,0x0,,Fodlan_Winds,Encounter_with_Renegades,Binding_Vow,Fodlan_Winds,Encounter_with_Renegades,Binding_Vow,Knock_Em_Around,We_Stand,,50,,Military3AcceptNameText,Military3AcceptNameText,Military3AcceptEvents,0x1,,6,,1,0x1,Military3AcceptStatusText,DefeatBossText,0x0,0,0x0,255,0,,,,0x100,0x244,0xffffffff000bffffffff,0x42400000424000004240000042400000028002800280028003c003c003c003c005000500050005000640064006400640008080808070707070606060605050505,0xffff00,0x0,0x32
MilitaryAcceptHold4,0x0,0x0,0x0,0x0,RipBlaineMap,0x0,0x0,0x0,0,4,0,MilitaryAcceptHold4,NormalSupplyList|IsPointer,,0,0x0,,Chinese_Tea,Encounter_with_Renegades,Binding_Vow,Chinese_Tea,Encounter_with_Renegades,Binding_Vow,Knock_Em_Around,We_Stand,,50,,Military4AcceptHoldNameText,Military4AcceptHoldNameText,Military4AcceptHoldEvents,0x1,,8,,1,0x1,Military4AcceptHoldStatusText,DefeatBossText,0x0,0,0x0,255,0,,,,0x100,0x244,0xffffffff000bffffffff,0x42400000424000004240000042400000028002800280028003c003c003c003c005000500050005000640064006400640008080808070707070606060605050505,0xffff00,0x0,0xb
MilitaryAcceptHold5,0x0,0x0,0x0,0x0,PrisonBreakMap,0x0,0x0,PrisonBreakChanges,0,4,0,MilitaryAcceptHold5,NormalSupplyList|IsPointer,,0,0x0,,FE5_Adversity,Hollow_Bastion,Binding_Vow,FE5_Adversity,Hollow_Bastion,Binding_Vow,We_Can_Handle_Em,We_Will_Overcome,,50,,Military5AcceptHoldNameText,Military5AcceptHoldNameText,Military5AcceptHoldEvents,0x1,,10,,1,0x1,Military5AcceptHoldStatusText,DefeatBossText,0x0,0,0x0,255,0,,,,0x100,0x244,0xffffffff000bffffffff,0x42400000424000004240000042400000028002800280028003c003c003c003c005000500050005000640064006400640008080808070707070606060605050505,0xffff00,0x0,0x31
MilitaryAcceptHold6,0x0,0x0,0x0,0x0,ClintManorMap,0x0,0x0,ClintManorChanges,0,4,0,MilitaryAcceptHold6,NormalSupplyList|IsPointer,,0,0x0,,Aquatic_Ruin,Wrath_Strike,Binding_Vow,Aquatic_Ruin,Wrath_Strike,Binding_Vow,We_Can_Handle_Em,We_Will_Overcome,,50,,Military6AcceptHoldNameText,Military6AcceptHoldNameText,Military6AcceptHoldEvents,0x1,,12,,1,0x1,Military6AcceptHoldStatusText,DefeatBossText,0x0,0,0x0,255,0,,,,0x100,0x244,0xffffffff000bffffffff,0x42400000424000004240000042400000028002800280028003c003c003c003c005000500050005000640064006400640008080808070707070606060605050505,0xffff00,0x0,0x34
MilitaryAcceptHold7,0x0,0x0,0x0,0x0,ArcanaeCapitalMap,0x0,0x0,ArcanaeCapitalChanges,0,4,0,MilitaryAcceptHold7,NormalSupplyList|IsPointer,,0,0x0,,Ascent,Wrath_Strike,Binding_Vow,Ascent,Wrath_Strike,Binding_Vow,We_Can_Handle_Em,We_Will_Overcome,,50,,Military7AcceptHoldNameText,Military7AcceptHoldNameText,Military7AcceptHoldEvents,0x1,,14,,1,0x1,Military7AcceptHoldStatusText,DefeatBossesText,0x0,0,0x0,255,0,,,,0x100,0x244,0xffffffff000bffffffff,0x42400000424000004240000042400000028002800280028003c003c003c003c005000500050005000640064006400640008080808070707070606060605050505,0xffff00,0x0,0x34
MilitaryAcceptRetreat4,0x0,0x0,0x0,0x0,CesarianCapitalRetreatMap,0x0,0x0,CesarianCapitalRetreatChanges,0,4,0,MilitaryAcceptRetreat4,NormalSupplyList|IsPointer,,0,0x0,,Locked_Girl,Showdown_with_Hector,Binding_Vow,Locked_Girl,Showdown_with_Hector,Binding_Vow,Knock_Em_Around,We_Stand,,50,,Military4AcceptRetreatNameText,Military4AcceptRetreatNameText,Military4AcceptRetreatEvents,0x1,,8,,1,0x1,Military4AcceptRetreatStatusText,DefeatAllText,EnemyCountGoal,0,0x0,255,0,,,,0x100,0x234,0xffffffff000bffffffff,0x42400000424000004240000042400000028002800280028003c003c003c003c005000500050005000640064006400640008080808070707070606060605050505,0xffff00,0x0,0x26
MilitaryAcceptRetreatLeave5,0x0,0x0,0x0,0x0,RetreatDesertMap,0x0,0x0,RetreatDesertChanges,0,4,0,MilitaryAcceptRetreatLeave5,NormalSupplyList|IsPointer,,0,0x0,,Venus_Lighthouse,FE5_Searching_the_Enemy,Binding_Vow,Venus_Lighthouse,FE5_Searching_the_Enemy,Binding_Vow,We_Can_Handle_Em,We_Will_Overcome,,50,,Military5AcceptRetreatLeaveNameText,Military5AcceptRetreatLeaveNameText,Military5AcceptRetreatLeaveEvents,0x1,,10,,1,0x1,Military5AcceptRetreatLeaveStatusText,DefeatBossText,0x0,0,0x0,255,0,,,,0x100,0x234,0xffffffff000bffffffff,0x42400000424000004240000042400000028002800280028003c003c003c003c005000500050005000640064006400640008080808070707070606060605050505,0xffff00,0x0,0x7
MilitaryAcceptRetreatLeave6,0x0,0x0,0x0,0x0,XyliaStairTempleMap,0x0,0x0,XyliaStairTempleChanges,0,4,0,MilitaryAcceptRetreatLeave6,NormalSupplyList|IsPointer,,0,0x0,,Venus_Lighthouse,FE5_Searching_the_Enemy,Binding_Vow,Venus_Lighthouse,FE5_Searching_the_Enemy,Binding_Vow,We_Can_Handle_Em,We_Will_Overcome,,50,,Military6AcceptRetreatLeaveNameText,Military6AcceptRetreatLeaveNameText,Military6AcceptRetreatLeaveEvents,0x1,,12,,1,0x1,Military6AcceptRetreatLeaveStatusText,ReachXyliaText,0x0,0,0x0,255,0,,,,0x100,0x234,0xffffffff000bffffffff,0x42400000424000004240000042400000028002800280028003c003c003c003c005000500050005000640064006400640008080808070707070606060605050505,0xffff00,0x0,0x7
MilitaryAcceptRetreatLeave7,0x0,0x0,0x0,0x0,KilthelTempleMap,0x0,0x0,KilthelTempleChanges,0,4,0,MilitaryAcceptRetreatLeave7,NormalSupplyList|IsPointer,,0,0x0,,UN_Owen_Was_Her,Hollow_Bastion,Binding_Vow,UN_Owen_Was_Her,Hollow_Bastion,Binding_Vow,We_Can_Handle_Em,We_Will_Overcome,,50,,Military7AcceptRetreatLeaveNameText,Military7AcceptRetreatLeaveNameText,Military7AcceptRetreatLeaveEvents,0x1,,14,,1,0x1,Military7AcceptRetreatLeaveStatusText,DefeatBossText,0x0,0,0x0,255,0,,,,0x100,0x234,0xffffffff000bffffffff,0x42400000424000004240000042400000028002800280028003c003c003c003c005000500050005000640064006400640008080808070707070606060605050505,0xffff00,0x0,0x18
MilitaryAcceptRetreatHelp5,0x0,0x0,0x0,0x0,AegrisMap,0x0,0x0,AegrisChanges,0,4,0,MilitaryAcceptRetreatHelp5,NormalSupplyList|IsPointer,,0,0x0,,Earthbound,Encounter_with_Renegades,Binding_Vow,Earthbound,Encounter_with_Renegades,Binding_Vow,We_Can_Handle_Em,We_Will_Overcome,,50,,Military5AcceptRetreatHelpNameText,Military5AcceptRetreatHelpNameText,Military5AcceptRetreatHelpEvents,0x1,,10,,1,0x1,Military5AcceptRetreatHelpStatusText,DefeatAllText,EnemyCountGoal,0,0x0,255,0,,,,0x100,0x234,0xffffffff000bffffffff,0x42400000424000004240000042400000028002800280028003c003c003c003c005000500050005000640064006400640008080808070707070606060605050505,0xffff00,0x0,0xc
MilitaryAcceptRetreatHelp6,0x0,0x0,0x0,0x0,ShizonLanding1Map,0x0,0x0,ShizonLandingChanges,0,4,0,MilitaryAcceptRetreatHelp6,NormalSupplyList|IsPointer,,0,0x0,,Earthbound,Showdown_with_Hector,Binding_Vow,Earthbound,Showdown_with_Hector,Binding_Vow,We_Can_Handle_Em,We_Will_Overcome,,50,,Military6AcceptRetreatHelpNameText,Military6AcceptRetreatHelpNameText,Military6AcceptRetreatHelpEvents,0x1,,12,,1,0x1,Military6AcceptRetreatHelpStatusText,ClearZoneText,0x0,0,0x0,255,0,,,,0x100,0x244,0xffffffff000bffffffff,0x42400000424000004240000042400000028002800280028003c003c003c003c005000500050005000640064006400640008080808070707070606060605050505,0xffff00,0x0,0x30
MilitaryAcceptRetreatHelp7,0x0,0x0,0x0,0x0,ShizonWaterShrineMap,0x0,0x0,0x0,0,4,0,MilitaryAcceptRetreatHelp7,NormalSupplyList|IsPointer,,0,0x0,,Bloody_Tears,Showdown_with_Hector,Binding_Vow,Bloody_Tears,Showdown_with_Hector,Binding_Vow,We_Can_Handle_Em,We_Will_Overcome,,50,,Military7AcceptRetreatHelpNameText,Military7AcceptRetreatHelpNameText,Military7AcceptRetreatHelpEvents,0x1,,14,,1,0x1,Military7AcceptRetreatHelpStatusText,DefeatClonesText,0x0,0,0x0,255,0,,,,0x100,0x244,0xffffffff000bffffffff,0x42400000424000004240000042400000028002800280028003c003c003c003c005000500050005000640064006400640008080808070707070606060605050505,0xffff00,0x0,0xc
MilitaryPass2,0x0,0x0,0x0,0x0,BanditPassMap,0x0,0x0,BanditPassChanges,0,4,0,MilitaryPass2,NormalSupplyList|IsPointer,,0,0x0,,Fodlan_Winds,Evil_Approaches,Binding_Vow,Fodlan_Winds,Evil_Approaches,Binding_Vow,Knock_Em_Around,We_Stand,,50,,Military2PassNameText,Military2PassNameText,Military2PassEvents,0x1,,4,,1,0x1,Military2PassStatusText,DefeatAllText,EnemyCountGoal,0,0x0,255,0,,,,0x100,0x244,0xffffffff000bffffffff,0x42400000424000004240000042400000028002800280028003c003c003c003c005000500050005000640064006400640008080808070707070606060605050505,0xffff00,0x0,0x18
MilitaryPass3,0x0,0x0,0x0,0x0,MountainyLakeMap,0x0,0x0,0x0,0,4,0,MilitaryPass3,NormalSupplyList|IsPointer,,0,0x0,,Fodlan_Winds,Evil_Approaches,Binding_Vow,Fodlan_Winds,Evil_Approaches,Binding_Vow,Knock_Em_Around,We_Stand,,50,,Military3PassNameText,Military3PassNameText,Military3PassEvents,0x1,,6,,1,0x1,Military3PassStatusText,DefeatBossesText,0x0,0,0x0,255,0,,,,0x100,0x244,0xffffffff000bffffffff,0x42400000424000004240000042400000028002800280028003c003c003c003c005000500050005000640064006400640008080808070707070606060605050505,0xffff00,0x0,0x32
MilitaryPass4,0x0,0x0,0x0,0x0,BacrunCity3Map,0x0,0x0,BacrunCity3Changes,0,4,0,MilitaryPass4,NormalSupplyList|IsPointer,,0,0x0,,Chinese_Tea,Showdown_with_Hector,Binding_Vow,Chinese_Tea,Showdown_with_Hector,Binding_Vow,Knock_Em_Around,We_Stand,,50,,Military4PassNameText,Military4PassNameText,Military4PassEvents,0x1,,8,,1,0x1,Military4PassStatusText,DefendText,TurnNumberGoal,14,0x0,255,0,,,,0x100,0x244,0xffffffff000bffffffff,0x42400000424000004240000042400000028002800280028003c003c003c003c005000500050005000640064006400640008080808070707070606060605050505,0xffff00,0x0,0xc
MilitaryPassHaedric5,0x0,0x0,0x0,0x0,DeidarMap,0x0,0x0,DeidarChanges,0,4,0,MilitaryPassHaedric5,NormalSupplyList|IsPointer,,0,0x0,,Judgral_Calls,Hand_Combat,Binding_Vow,Judgral_Calls,Hand_Combat,Binding_Vow,We_Can_Handle_Em,We_Will_Overcome,,50,,Military5PassHaedricNameText,Military5PassHaedricNameText,Military5PassHaedricEvents,0x1,,10,,1,0x1,Military5PassHaedricStatusText,DefeatAllText,EnemyCountGoal,0,0x0,255,0,,,,0x100,0x244,0xffffffff000bffffffff,0x42400000424000004240000042400000028002800280028003c003c003c003c005000500050005000640064006400640008080808070707070606060605050505,0xffff00,0x0,0x31
MilitaryPassHaedric6,0x0,0x3C,0xCE,0x3E,HaedricCastleMap,_3CAnims,0x0,HaedricCastleChanges,0,4,0,MilitaryPassHaedric6,NormalSupplyList|IsPointer,,0,0x0,,Judgral_Calls,Hand_Combat,Binding_Vow,Judgral_Calls,Hand_Combat,Binding_Vow,We_Can_Handle_Em,We_Will_Overcome,,50,,Military6PassHaedricNameText,Military6PassHaedricNameText,Military6PassHaedricEvents,0x1,,12,,1,0x1,Military6PassHaedricStatusText,DefeatBossText,0x0,0,0x0,255,0,,,,0x100,0x244,0xffffffff000bffffffff,0x42400000424000004240000042400000028002800280028003c003c003c003c005000500050005000640064006400640008080808070707070606060605050505,0xffff00,0x0,0x34
MilitaryPassHaedric7,0x0,0x0,0x0,0x0,HaedricIgnefrontMap,0x0,0x0,HaedricIgnefrontChanges,0,4,0,MilitaryPassHaedric7,NormalSupplyList|IsPointer,,0,0x0,,Courage_and_Pride_from_the_Heart,Hollow_Bastion,Binding_Vow,Courage_and_Pride_from_the_Heart,Hollow_Bastion,Binding_Vow,We_Can_Handle_Em,We_Will_Overcome,,50,,Military7PassHaedricNameText,Military7PassHaedricNameText,Military7PassHaedricEvents,0x1,,14,,1,0x1,Military7PassHaedricStatusText,DefeatBossText,0x0,0,0x0,255,0,,,,0x100,0x244,0xffffffff000bffffffff,0x42400000424000004240000042400000028002800280028003c003c003c003c005000500050005000640064006400640008080808070707070606060605050505,0xffff00,0x0,0x34
MilitaryPassAltia5,0x0,0x0,0x0,0x0,PeakRiverMap,0x0,0x0,PeakRiverMap,0,4,0,MilitaryPassAltia5,NormalSupplyList|IsPointer,,0,0x0,,Chemical_Plant,Puppet_Ganon,Binding_Vow,Chemical_Plant,Puppet_Ganon,Binding_Vow,We_Can_Handle_Em,We_Will_Overcome,,50,,Military5PassAltiaNameText,Military5PassAltiaNameText,Military5PassAltiaEvents,0x1,,10,,1,0x1,Military5PassAltiaStatusText,DefeatAllText,EnemyCountGoal,0,0x0,255,0,,,,0x100,0x234,0xffffffff000bffffffff,0x42400000424000004240000042400000028002800280028003c003c003c003c005000500050005000640064006400640008080808070707070606060605050505,0xffff00,0x0,0x9
MilitaryPassAltia6,0x0,0x0,0x0,0x0,SnowyAltianPassMap,0x0,0x0,0x0,0,4,0,MilitaryPassAltia6,NormalSupplyList|IsPointer,,0,0x0,,Chemical_Plant,Puppet_Ganon,Binding_Vow,Chemical_Plant,Puppet_Ganon,Binding_Vow,We_Can_Handle_Em,We_Will_Overcome,,50,,Military6PassAltiaNameText,Military6PassAltiaNameText,Military6PassAltiaEvents,0x1,,12,,1,0x1,Military6PassAltiaStatusText,DefeatAllText,EnemyCountGoal,0,0x0,255,0,,,,0x100,0x234,0xffffffff000bffffffff,0x42400000424000004240000042400000028002800280028003c003c003c003c005000500050005000640064006400640008080808070707070606060605050505,0xffff00,0x0,0x9
MilitaryPassAltia7,0x0,0x0,0x0,0x0,AltianCastleMap,0x0,0x0,AltianCastleChanges,0,4,0,MilitaryPassAltia7,NormalSupplyList|IsPointer,,0,0x0,,Last_Battle_Decision,Hollow_Bastion,Binding_Vow,Last_Battle_Decision,Hollow_Bastion,Binding_Vow,We_Can_Handle_Em,We_Will_Overcome,,50,,Military7PassAltiaNameText,Military7PassAltiaNameText,Military7PassAltiaEvents,0x1,,14,,1,0x1,Military7PassAltiaStatusText,DefeatBossText,0x0,0,0x0,255,0,,,,0x100,0x234,0xffffffff000bffffffff,0x42400000424000004240000042400000028002800280028003c003c003c003c005000500050005000640064006400640008080808070707070606060605050505,0xffff00,0x0,0x9
MilitaryAcceptRetreatHelp6Grow2,0x0,0x0,0x0,0x0,ShizonLanding2Map,0x0,0x0,ShizonLandingChanges,0,4,0,MilitaryAcceptRetreatHelp6Grow2,NormalSupplyList|IsPointer,,0,0x0,,Fighting_of_the_Spirit,Hollow_Bastion,Binding_Vow,Fighting_of_the_Spirit,Hollow_Bastion,Binding_Vow,Sock_It_to_Em,We_Wont_Give_In,,50,,Military6AcceptRetreatHelpNameText,Military6AcceptRetreatHelpNameText,Military6AcceptRetreatHelpEvents,0x1,0xffff00,0,,1,0x1,Military6AcceptRetreatHelpStatusText,ClearZoneText,0x0,0,0x0,255,0,,,,0x100,0x0,0xffffffffffffffffffff,0x42400000424000004240000042400000028002800280028003c003c003c003c005000500050005000640064006400640008080808070707070606060605050505,,0x0,0x9
MilitaryAcceptRetreatHelp6Grow3,0x0,0x0,0x0,0x0,ShizonLanding3Map,0x0,0x0,ShizonLandingChanges,0,4,0,MilitaryAcceptRetreatHelp6Grow3,NormalSupplyList|IsPointer,,0,0x0,,Fighting_of_the_Spirit,Hollow_Bastion,Binding_Vow,Fighting_of_the_Spirit,Hollow_Bastion,Binding_Vow,Sock_It_to_Em,We_Wont_Give_In,,50,,Military6AcceptRetreatHelpNameText,Military6AcceptRetreatHelpNameText,Military6AcceptRetreatHelpEvents,0x1,0xffff00,0,,1,0x1,Military6AcceptRetreatHelpStatusText,DefeatAllText,EnemyCountGoal,0,0x0,255,0,,,,0x100,0x0,0xffffffffffffffffffff,0x42400000424000004240000042400000028002800280028003c003c003c003c005000500050005000640064006400640008080808070707070606060605050505,,0x0,0x9
,,,,,,,,,,,,,,,,,,,,,,,,,,,,,,,,,,,,,,,,,,,,,,,,,,,,,,
Mercenary1,0x0,0x0,0x0,0x0,MountainsMap,0x0,0x0,PlainsChanges,0,4,0,Mercenary1,0,,0,0x0,,Distant_Roads,Shadow_of_the_Enemy,Binding_Vow,Distant_Roads,Shadow_of_the_Enemy,Binding_Vow,Drop_Em,We_Will_Persevere,,50,,Merc1NameText,Merc1NameText,Merc1Events,0x1,0xffff00,2,,1,0x1,Merc1StatusText,DefeatBossText,0x0,0,0x0,255,0,,,,0x100,0x234,0xffffffff000bffffffff,0x42400000424000004240000042400000028002800280028003c003c003c003c005000500050005000640064006400640008080808070707070606060605050505,,0x0,0x9
MercenaryMilitia2,0x0,0x0,0x0,0x0,PlainsMap,0x0,0x0,PlainsChanges,0,4,0,MercenaryMilitia2,0,,0,0x0,,Rise_Above,Shadow_of_the_Enemy,Binding_Vow,Rise_Above,Shadow_of_the_Enemy,Binding_Vow,Drop_Em,We_Will_Persevere,,50,,Merc2MilitiaNameText,Merc2MilitiaNameText,Merc2MilitiaEvents,0x1,0xffff00,4,,1,0x1,Merc2MilitiaStatusText,DefendText,TurnNumberGoal,7,0x0,255,0,,,,0x100,0x234,0xffffffff000bffffffff,0x42400000424000004240000042400000028002800280028003c003c003c003c005000500050005000640064006400640008080808070707070606060605050505,,0x0,0x9
MercenaryMilitiaWait3,0x0,0x0,0x0,0x0,CastleHallMap,0x0,0x0,CastleHallChanges,0,4,0,MercenaryMilitiaWait3,0,,0,0x0,,Follow_Me,Assault,Binding_Vow,Follow_Me,Assault,Binding_Vow,Drop_Em,We_Will_Persevere,,50,,Merc3MilitiaWaitNameText,Merc3MilitiaWaitNameText,Merc3MilitiaWaitEvents,0x1,0xffff00,6,,1,0x1,Merc3MilitiaWaitStatusText,DefeatBossText,0x0,0,0x0,255,0,,,,0x100,0x234,0xffffffff000bffffffff,0x42400000424000004240000042400000028002800280028003c003c003c003c005000500050005000640064006400640008080808070707070606060605050505,,0x0,0x1a
MercenaryMilitiaWait4,0x0,0x0,0x0,0x0,UndergroundMap,0x0,0x0,UndergroundChanges,0,4,0,MercenaryMilitiaWait4,0,,0,0x0,,Land_of_Promise,Assault,Binding_Vow,Land_of_Promise,Assault,Binding_Vow,Drop_Em,We_Will_Persevere,,50,,Merc4MilitiaWaitNameText,Merc4MilitiaWaitNameText,Merc4MilitiaWaitEvents,0x1,0xffff00,8,,1,0x1,Merc4MilitiaWaitStatusText,DefeatBossText,0x0,0,0x0,255,0,,,,0x100,0x234,0xffffffff000bffffffff,0x42400000424000004240000042400000028002800280028003c003c003c003c005000500050005000640064006400640008080808070707070606060605050505,,0x0,0x8
MercenaryMilitiaWaitArcanae5,0x0,0x0,0x0,0x0,MountainyMap,0x0,0x0,MountainyChanges,0,4,0,MercenaryMilitiaWaitArcanae5,NormalSupplyList|IsPointer,,0,0x0,,Follow_Me,Assault,Binding_Vow,Follow_Me,Assault,Binding_Vow,Sock_It_to_Em,We_Wont_Give_In,,50,,Merc5MilitiaWaitArcanaeNameText,Merc5MilitiaWaitArcanaeNameText,Merc5MilitiaWaitArcanaeEvents,0x1,0xffff00,10,,1,0x1,Merc5MilitiaWaitArcanaeStatusText,DefeatBossText,0x0,0,0x0,255,0,,,,0x100,0x0,0xffffffffffffffffffff,0x42400000424000004240000042400000028002800280028003c003c003c003c005000500050005000640064006400640008080808070707070606060605050505,,0x0,0x9
MercenaryMilitiaWaitArcanae6,0x0,0x0,0x0,0x0,CesarianCapitalMercenaryArcanaeMap,0x0,0x0,CesarianCapitalMercenaryArcanaeChanges,0,4,0,MercenaryMilitiaWaitArcanae6,NormalSupplyList|IsPointer,,0,0x0,,Follow_Me,From_the_Darkness,Binding_Vow,Follow_Me,From_the_Darkness,Binding_Vow,Sock_It_to_Em,We_Wont_Give_In,,50,,Merc6MilitiaWaitArcanaeNameText,Merc6MilitiaWaitArcanaeNameText,Merc6MilitiaWaitArcanaeEvents,0x1,0xffff00,12,,1,0x1,Merc6MilitiaWaitArcanaeStatusText,DefeatBossText,0x0,0,0x0,255,0,,,,0x100,0x0,0xffffffffffffffffffff,0x42400000424000004240000042400000028002800280028003c003c003c003c005000500050005000640064006400640008080808070707070606060605050505,,0x0,0x9
MercenaryMilitiaWaitArcanae7,0x0,0x0,0x0,0x0,LavaMap,0x0,0x0,LavaChanges,0,4,0,MercenaryMilitiaWaitArcanae7,NormalSupplyList|IsPointer,,0,0x0,,The_Final_Battle,Twisted_ShadowsA,Binding_Vow,The_Final_Battle,Twisted_ShadowsA,Binding_Vow,Sock_It_to_Em,We_Wont_Give_In,,50,,Merc7MilitiaWaitArcanaeNameText,Merc7MilitiaWaitArcanaeNameText,Merc7MilitiaWaitArcanaeEvents,0x1,0xffff00,14,,1,0x1,Merc7MilitiaWaitArcanaeStatusText,DefeatBossText,0x0,0,0x0,255,0,,,,0x100,0x0,0xffffffffffffffffffff,0x42400000424000004240000042400000028002800280028003c003c003c003c005000500050005000640064006400640008080808070707070606060605050505,,0x0,0x9
MercenaryMilitiaWaitCesaria5,0x0,0x0,0x0,0x0,LooterBaseMap,0x0,0x0,LooterBaseChanges,0,4,0,MercenaryMilitiaWaitCesaria5,NormalSupplyList|IsPointer,,0,0x0,,Fodlan_Winds,Evil_Approaches,Binding_Vow,Fodlan_Winds,Evil_Approaches,Binding_Vow,Sock_It_to_Em,We_Wont_Give_In,,50,,Merc5MilitiaWaitCesariaNameText,Merc5MilitiaWaitCesariaNameText,Merc5MilitiaWaitCesariaEvents,0x1,0xffff00,10,,1,0x1,Merc5MilitiaWaitCesariaStatusText,DefeatBossText,0x0,0,0x0,255,0,,,,0x100,0x0,0xffffffffffffffffffff,0x42400000424000004240000042400000028002800280028003c003c003c003c005000500050005000640064006400640008080808070707070606060605050505,,0x0,0x9
MercenaryMilitiaWaitCesaria6,0x0,0x0,0x0,0x0,BorderFortMap,0x0,0x0,BorderFortChanges,0,4,0,MercenaryMilitiaWaitCesaria6,NormalSupplyList|IsPointer,,0,0x0,,Aquatic_Ruin,Puppet_Ganon,Binding_Vow,Aquatic_Ruin,Puppet_Ganon,Binding_Vow,Sock_It_to_Em,We_Wont_Give_In,,50,,Merc6MilitiaWaitCesariaNameText,Merc6MilitiaWaitCesariaNameText,Merc6MilitiaWaitCesariaEvents,0x1,0xffff00,12,,1,0x1,Merc6MilitiaWaitCesariaStatusText,DefeatAllText,EnemyCountGoal,0,0x0,255,0,,,,0x100,0x0,0xffffffffffffffffffff,0x42400000424000004240000042400000028002800280028003c003c003c003c005000500050005000640064006400640008080808070707070606060605050505,,0x0,0x9
MercenaryMilitiaWaitCesaria7,0x0,0x0,0x0,0x0,ArcanaePalaceMap,0x0,0x0,ArcanaePalaceChanges,0,4,0,MercenaryMilitiaWaitCesaria7,NormalSupplyList|IsPointer,,0,0x0,,Venus_Lighthouse,Wrath_Strike,Binding_Vow,Venus_Lighthouse,Wrath_Strike,Binding_Vow,Sock_It_to_Em,We_Wont_Give_In,,50,,Merc7MilitiaWaitCesariaNameText,Merc7MilitiaWaitCesariaNameText,Merc7MilitiaWaitCesariaEvents,0x1,0xffff00,14,,1,0x1,Merc7MilitiaWaitCesariaStatusText,DefeatBossText,0x0,0,0x0,255,0,,,,0x100,0x0,0xffffffffffffffffffff,0x42400000424000004240000042400000028002800280028003c003c003c003c005000500050005000640064006400640008080808070707070606060605050505,,0x0,0x9
MercenaryMilitiaKill3,0x0,0x0,0x0,0x0,HaedricHideoutMap,0x0,0x0,0x0,0,4,0,MercenaryMilitiaKill3,NormalSupplyList|IsPointer,,0,0x0,,Rise_Above,Assault,Binding_Vow,Rise_Above,Assault,Binding_Vow,Drop_Em,We_Will_Persevere,,50,,Merc3MilitiaKillNameText,Merc3MilitiaKillNameText,Merc3MilitiaKillEvents,0x1,0xffff00,6,,1,0x1,Merc3MilitiaKillStatusText,DefeatBossText,0x0,0,0x0,255,0,,,,0x100,0x0,0xffffffffffffffffffff,0x42400000424000004240000042400000028002800280028003c003c003c003c005000500050005000640064006400640008080808070707070606060605050505,,0x0,0x9
MercenaryMilitiaKill4,0x0,0x0,0x0,0x0,BoatsAtSeaMap,0x0,0x0,0x0,0,4,0,MercenaryMilitiaKill4,NormalSupplyList|IsPointer,,0,0x0,,Rise_Above,Assault,Binding_Vow,Rise_Above,Assault,Binding_Vow,Drop_Em,We_Will_Persevere,,50,,Merc4MilitiaKillNameText,Merc4MilitiaKillNameText,Merc4MilitiaKillEvents,0x1,0xffff00,8,,1,0x1,Merc4MilitiaKillStatusText,DefeatBossText,0x0,0,0x0,255,0,,,,0x100,0x0,0xffffffffffffffffffff,0x42400000424000004240000042400000028002800280028003c003c003c003c005000500050005000640064006400640008080808070707070606060605050505,,0x0,0x9
MercenaryMilitiaKill5,0x0,0x0,0x0,0x0,AssassinTestMap,0x0,0x0,0x0,0,4,0,MercenaryMilitiaKill5,NormalSupplyList|IsPointer,,0,0x0,,Rise_Above,From_the_Darkness,Binding_Vow,Rise_Above,From_the_Darkness,Binding_Vow,Sock_It_to_Em,We_Wont_Give_In,,50,,Merc5MilitiaKillNameText,Merc5MilitiaKillNameText,Merc5MilitiaKillEvents,0x1,0xffff00,10,,1,0x1,Merc5MilitiaKillStatusText,UnknownText,0x0,0,0x0,255,0,,,,0x100,0x0,0xffffffffffffffffffff,0x42400000424000004240000042400000028002800280028003c003c003c003c005000500050005000640064006400640008080808070707070606060605050505,,0x0,0x9
MercenaryMilitiaKill6,0x0,0x0,0x0,0x0,ShizonDefenseMap,0x0,0x0,ShizonDefenseChanges,0,4,0,MercenaryMilitiaKill6,NormalSupplyList|IsPointer,,0,0x0,,Rise_Above,From_the_Darkness,Binding_Vow,Rise_Above,From_the_Darkness,Binding_Vow,Sock_It_to_Em,We_Wont_Give_In,,50,,Merc6MilitiaKillNameText,Merc6MilitiaKillNameText,Merc6MilitiaKillEvents,0x1,0xffff00,12,,1,0x1,Merc6MilitiaKillStatusText,DefendText,TurnNumberGoal,15,0x0,255,0,,,,0x100,0x0,0xffffffffffffffffffff,0x42400000424000004240000042400000028002800280028003c003c003c003c005000500050005000640064006400640008080808070707070606060605050505,,0x0,0x9
MercenaryMilitiaKill7,0x0,0x0,0x0,0x0,CesarianCapitalAssassinMap,0x0,0x0,CesarianCapitalAssassinChanges,0,4,0,MercenaryMilitiaKill7,NormalSupplyList|IsPointer,,0,0x0,,Truth_Despair_and_Hope,Twisted_ShadowsA,Binding_Vow,Truth_Despair_and_Hope,Twisted_ShadowsA,Binding_Vow,Sock_It_to_Em,We_Wont_Give_In,,50,,Merc7MilitiaKillNameText,Merc7MilitiaKillNameText,Merc7MilitiaKillEvents,0x1,0xffff00,14,,1,0x1,Merc7MilitiaKillStatusText,DefeatBossText,0x0,0,0x0,255,0,,,,0x100,0x0,0xffffffffffffffffffff,0x42400000424000004240000042400000028002800280028003c003c003c003c005000500050005000640064006400640008080808070707070606060605050505,,0x0,0x9
MercenaryBandit2,0x0,0x2E,0x34,0x30,PlainsMap,_2EAnims,0x0,PlainsChanges,0,4,0,MercenaryBandit2,0,,0,0x0,,Distant_Roads,Shadow_of_the_Enemy,Binding_Vow,Distant_Roads,Shadow_of_the_Enemy,Binding_Vow,Drop_Em,We_Will_Persevere,,50,,Merc2BanditNameText,Merc2BanditNameText,Merc2BanditEvents,0x1,0xffff00,4,,1,0x1,Merc2BanditStatusText,DefeatBossText,0x0,0,0x0,255,0,,,,0x100,0x0,0xffffffffffffffffffff,0x42400000424000004240000042400000028002800280028003c003c003c003c005000500050005000640064006400640008080808070707070606060605050505,,0x0,0x9
MercenaryBandit3,0x0,0x0,0x0,0x0,CaravanPathMap,0x0,0x0,0x0,0,4,0,MercenaryBandit3,NormalSupplyList|IsPointer,,0,0x0,,Rise_Above,Assault,Binding_Vow,Rise_Above,Assault,Binding_Vow,Drop_Em,We_Will_Persevere,,50,,Merc3BanditNameText,Merc3BanditNameText,Merc3BanditEvents,0x1,0xffff00,6,,1,0x1,Merc3BanditStatusText,DefeatBossText,0x0,0,0x0,255,0,,,,0x100,0x0,0xffffffffffffffffffff,0x42400000424000004240000042400000028002800280028003c003c003c003c005000500050005000640064006400640008080808070707070606060605050505,,0x0,0x9
MercenaryBandit4,0x0,0x0,0x0,0x0,MayorsVillageMap,0x0,0x0,MayorsVillageChanges,0,4,0,MercenaryBandit4,NormalSupplyList|IsPointer,,0,0x0,,Rise_Above,Assault,Binding_Vow,Rise_Above,Assault,Binding_Vow,Drop_Em,We_Will_Persevere,,50,,Merc4BanditNameText,Merc4BanditNameText,Merc4BanditEvents,0x1,0xffff00,8,,1,0x1,Merc4BanditStatusText,DefeatBossText,0x0,0,0x0,255,0,,,,0x100,0x0,0xffffffffffffffffffff,0x42400000424000004240000042400000028002800280028003c003c003c003c005000500050005000640064006400640008080808070707070606060605050505,,0x0,0x9
MercenaryBanditBandit5,0x0,0x0,0x0,0x0,HaedricCastleMap,0x0,0x0,HaedricCastleChanges,0,4,0,MercenaryBanditBandit5,NormalSupplyList|IsPointer,,0,0x0,,Rise_Above,Assault,Binding_Vow,Rise_Above,Assault,Binding_Vow,Sock_It_to_Em,We_Wont_Give_In,,50,,Merc5BanditBanditNameText,Merc5BanditBanditNameText,Merc5BanditBanditEvents,0x1,0xffff00,10,,1,0x1,Merc5BanditBanditStatusText,ReachLeonText,0x0,0,0x0,255,0,,,,0x100,0x0,0xffffffffffffffffffff,0x42400000424000004240000042400000028002800280028003c003c003c003c005000500050005000640064006400640008080808070707070606060605050505,,0x0,0x9
MercenaryBanditBandit6,0x0,0x0,0x0,0x0,BacrunCastleMap,0x0,0x0,BacrunCastleChanges,0,4,0,MercenaryBanditBandit6,NormalSupplyList|IsPointer,,0,0x0,,Truth_Despair_and_Hope,From_the_Darkness,Binding_Vow,Truth_Despair_and_Hope,From_the_Darkness,Binding_Vow,Sock_It_to_Em,We_Wont_Give_In,,50,,Merc6BanditBanditNameText,Merc6BanditBanditNameText,Merc6BanditBanditEvents,0x1,0xffff00,12,,1,0x1,Merc6BanditBanditStatusText,DefeatBossText,0x0,0,0x0,255,0,,,,0x100,0x0,0xffffffffffffffffffff,0x42400000424000004240000042400000028002800280028003c003c003c003c005000500050005000640064006400640008080808070707070606060605050505,,0x0,0x9
MercenaryBanditBandit7,0x0,0x0,0x0,0x0,BacrunCityMap,0x0,0x0,BacrunCityChanges,0,4,0,MercenaryBanditBandit7,NormalSupplyList|IsPointer,,0,0x0,,Truth_Despair_and_Hope,From_the_Darkness,Binding_Vow,Truth_Despair_and_Hope,From_the_Darkness,Binding_Vow,Sock_It_to_Em,We_Wont_Give_In,,50,,Merc7BanditBanditNameText,Merc7BanditBanditNameText,Merc7BanditBanditEvents,0x1,0xffff00,14,,1,0x1,Merc7BanditBanditStatusText,DefeatBossesText,0x0,0,0x0,255,0,,,,0x100,0x0,0xffffffffffffffffffff,0x42400000424000004240000042400000028002800280028003c003c003c003c005000500050005000640064006400640008080808070707070606060605050505,,0x0,0x9
MercenaryBanditDisband5,0x0,0x0,0x0,0x0,BacrunCity2Map,0x0,0x0,BacrunCity2Changes,0,4,0,MercenaryBanditDisband5,NormalSupplyList|IsPointer,,0,0x0,,Rise_Above,Assault,Binding_Vow,Rise_Above,Assault,Binding_Vow,Sock_It_to_Em,We_Wont_Give_In,,50,,Merc5BanditDisbandNameText,Merc5BanditDisbandNameText,Merc5BanditDisbandEvents,0x1,0xffff00,10,,1,0x1,Merc5BanditDisbandStatusText,DefeatBossText,0x0,0,0x0,255,0,,,,0x100,0x0,0xffffffffffffffffffff,0x42400000424000004240000042400000028002800280028003c003c003c003c005000500050005000640064006400640008080808070707070606060605050505,,0x0,0x9
MercenaryBanditDisband6,0x0,0x0,0x0,0x0,LotsOfRoomsMap,0x0,0x0,LotsOfRoomsChanges,0,4,0,MercenaryBanditDisband6,NormalSupplyList|IsPointer,,0,0x0,,Land_of_Promise,Twisted_ShadowsB,Binding_Vow,Land_of_Promise,Twisted_ShadowsB,Binding_Vow,Sock_It_to_Em,We_Wont_Give_In,,50,,Merc6BanditDisbandNameText,Merc6BanditDisbandNameText,Merc6BanditDisbandEvents,0x1,0xffff00,12,,1,0x1,Merc6BanditDisbandStatusText,ReachEfilText,0x0,0,0x0,255,0,,,,0x100,0x0,0xffffffffffffffffffff,0x42400000424000004240000042400000028002800280028003c003c003c003c005000500050005000640064006400640008080808070707070606060605050505,,0x0,0x9
MercenaryBanditDisband7,0x0,0x0,0x0,0x0,BigBattlegroundMap,0x0,0x0,0x0,0,4,0,MercenaryBanditDisband7,NormalSupplyList|IsPointer,,0,0x0,,Fighting_of_the_Spirit,Twisted_Shadows_A,Binding_Vow,Land_of_Promise,Twisted_Shadows_A,Binding_Vow,Sock_It_to_Em,We_Wont_Give_In,,50,,Merc7BanditDisbandNameText,Merc7BanditDisbandNameText,Merc7BanditDisbandEvents,0x1,0xffff00,14,,1,0x1,Merc7BanditDisbandStatusText,DefeatBossText,0x0,0,0x0,255,0,,,,0x100,0x0,0xffffffffffffffffffff,0x42400000424000004240000042400000028002800280028003c003c003c003c005000500050005000640064006400640008080808070707070606060605050505,,0x0,0x9
,,,,,,,,,,,,,,,,,,,,,,,,,,,,,,,,,,,,,,,,,,,,,,,,,,,,,,
ShizonShrineCutscene,0x0,0x0,0x0,0x0,ShizonShrineMap,0x0,0x0,0x0,0,4,0,ShizonShrineCutscene,0,,0,0x0,,0,0,0,0,0,0,0,0,,50,,0,0,PrologueEvent,0x1,0xffff00,0,,1,0x1,0,0,0x0,0,0x0,255,0,,,,0x100,0x0,0xffffffffffffffffffff,0x42400000424000004240000042400000028002800280028003c003c003c003c005000500050005000640064006400640008080808070707070606060605050505,,0x0,0x9
LeavingShizonCutscene,0x0,0x0,0x0,0x0,LeavingShizonMap,0x0,0x0,0x0,0,4,0,LeavingShizonCutscene,0,,0,0x0,,0,0,0,0,0,0,0,0,,50,,0,0,PrologueEvent,0x1,0xffff00,0,,1,0x1,0,0,0x0,0,0x0,255,0,,,,0x100,0x0,0xffffffffffffffffffff,0x42400000424000004240000042400000028002800280028003c003c003c003c005000500050005000640064006400640008080808070707070606060605050505,,0x0,0x9
LeavingUndergroundCutscene,0x0,0x0,0x0,0x0,LeavingUndergroundMap,0x0,0x0,0x0,0,4,0,LeavingUndergroundCutscene,0,,0,0x0,,0,0,0,0,0,0,0,0,,50,,0,0,PrologueEvent,0x1,0xffff00,0,,1,0x1,0,0,0x0,0,0x0,255,0,,,,0x100,0x0,0xffffffffffffffffffff,0x42400000424000004240000042400000028002800280028003c003c003c003c005000500050005000640064006400640008080808070707070606060605050505,,0x0,0x9
OutsideTempleCutscene,0x0,0x0,0x0,0x0,OutsideTempleMap,0x0,0x0,0x0,0,4,0,OutsideTempleCutscene,0,,0,0x0,,0,0,0,0,0,0,0,0,,50,,0,0,PrologueEvent,0x1,0xffff00,0,,1,0x1,0,0,0x0,0,0x0,255,0,,,,0x100,0x0,0xffffffffffffffffffff,0x42400000424000004240000042400000028002800280028003c003c003c003c005000500050005000640064006400640008080808070707070606060605050505,,0x0,0x9
MercenaryCampCutscene,0x0,0x0,0x0,0x0,MercenaryCampCutsceneMap,0x0,0x0,0x0,0,4,0,MercenaryCampCutscene,0,,0,0x0,,0,0,0,0,0,0,0,0,,50,,0,0,PrologueEvent,0x1,0xffff00,0,,1,0x1,0,0,0x0,0,0x0,255,0,,,,0x100,0x0,0xffffffffffffffffffff,0x42400000424000004240000042400000028002800280028003c003c003c003c005000500050005000640064006400640008080808070707070606060605050505,,0x0,0x9
MaximusUzkalisCutscene,0x0,0x0,0x0,0x0,MaximusUzkalisCutsceneMap,0x0,0x0,0x0,0,4,0,MaximusUzkalisCutscene,0,,0,0x0,,0,0,0,0,0,0,0,0,,50,,0,0,PrologueEvent,0x1,0xffff00,0,,1,0x1,0,0,0x0,0,0x0,255,0,,,,0x100,0x0,0xffffffffffffffffffff,0x42400000424000004240000042400000028002800280028003c003c003c003c005000500050005000640064006400640008080808070707070606060605050505,,0x0,0x9
HaedricCastleCutscene,0x0,0x0,0x0,0x0,HaedricCastleCutsceneMap,0x0,0x0,0x0,0,4,0,HaedricCastleCutscene,0,,0,0x0,,0,0,0,0,0,0,0,0,,50,,0,0,PrologueEvent,0x1,0xffff00,0,,1,0x1,0,0,0x0,0,0x0,255,0,,,,0x100,0x0,0xffffffffffffffffffff,0x42400000424000004240000042400000028002800280028003c003c003c003c005000500050005000640064006400640008080808070707070606060605050505,,0x0,0x9
KilthelCutscene,0x0,0x0,0x0,0x0,OutsideKilthelMap,0x0,0x0,0x0,0,4,0,KilthelCutscene,0,,0,0x0,,0,0,0,0,0,0,0,0,,50,,0,0,PrologueEvent,0x1,0xffff00,0,,1,0x1,0,0,0x0,0,0x0,255,0,,,,0x100,0x0,0xffffffffffffffffffff,0x42400000424000004240000042400000028002800280028003c003c003c003c005000500050005000640064006400640008080808070707070606060605050505,,0x0,0x9
ArtifactDoorCutscene,0x0,0x0,0x0,0x0,ArtifactSlotMap,0x0,0x0,ArtifactSlotChanges,0,4,0,ArtifactDoorCutscene,0,,0,0x0,,0,0,0,0,0,0,0,0,,50,,0,0,PrologueEvent,0x1,0xffff00,0,,1,0x1,0,0,0x0,0,0x0,255,0,,,,0x100,0x0,0xffffffffffffffffffff,0x42400000424000004240000042400000028002800280028003c003c003c003c005000500050005000640064006400640008080808070707070606060605050505,,0x0,0x9
BacrunRuins1Cutscene,0x0,0x0,0x0,0x0,0x0,0x0,0x0,0x0,0,4,0,BacrunRuins1Cutscene,0,,0,0x0,,0,0,0,0,0,0,0,0,,50,,0,0,PrologueEvent,0x1,0xffff00,0,,1,0x1,0,0,0x0,0,0x0,255,0,,,,0x100,0x0,0xffffffffffffffffffff,0x42400000424000004240000042400000028002800280028003c003c003c003c005000500050005000640064006400640008080808070707070606060605050505,,0x0,0x9
BacrunRuins2Cutscene,0x0,0x0,0x0,0x0,0x0,0x0,0x0,0x0,0,4,0,BacrunRuins2Cutscene,0,,0,0x0,,0,0,0,0,0,0,0,0,,50,,0,0,PrologueEvent,0x1,0xffff00,0,,1,0x1,0,0,0x0,0,0x0,255,0,,,,0x100,0x0,0xffffffffffffffffffff,0x42400000424000004240000042400000028002800280028003c003c003c003c005000500050005000640064006400640008080808070707070606060605050505,,0x0,0x9
KilthelFightCutscene,0x0,0x0,0x0,0x0,0x0,0x0,0x0,0x0,0,4,0,KilthelFightCutscene,0,,0,0x0,,0,0,0,0,0,0,0,0,,50,,0,0,PrologueEvent,0x1,0xffff00,0,,1,0x1,0,0,0x0,0,0x0,255,0,,,,0x100,0x0,0xffffffffffffffffffff,0x42400000424000004240000042400000028002800280028003c003c003c003c005000500050005000640064006400640008080808070707070606060605050505,,0x0,0x9
GuardianSpiritWallCutscene,0x0,0x0,0x0,0x0,0x0,0x0,0x0,0x0,0,4,0,GuardianSpiritWallCutscene,0,,0,0x0,,0,0,0,0,0,0,0,0,,50,,0,0,PrologueEvent,0x1,0xffff00,0,,1,0x1,0,0,0x0,0,0x0,255,0,,,,0x100,0x0,0xffffffffffffffffffff,0x42400000424000004240000042400000028002800280028003c003c003c003c005000500050005000640064006400640008080808070707070606060605050505,,0x0,0x9
AltianDungeonCutscene,0x0,0x0,0x0,0x0,AltianDungeonCutsceneMap,0x0,0x0,0x0,0,4,0,AltianDungeonCutscene,0,,0,0x0,,0,0,0,0,0,0,0,0,,50,,0,0,PrologueEvent,0x1,0xffff00,0,,1,0x1,0,0,0x0,0,0x0,255,0,,,,0x100,0x0,0xffffffffffffffffffff,0x42400000424000004240000042400000028002800280028003c003c003c003c005000500050005000640064006400640008080808070707070606060605050505,,0x0,0x9
HaedricCityCutscene,0x0,0x0,0x0,0x0,HaedricCityMap,0x0,0x0,HaedricCityChanges,0,4,0,HaedricCityCutscene,0,,0,0x0,,0,0,0,0,0,0,0,0,,50,,0,0,PrologueEvent,0x1,0xffff00,0,,1,0x1,0,0,0x0,0,0x0,255,0,,,,0x100,0x0,0xffffffffffffffffffff,0x42400000424000004240000042400000028002800280028003c003c003c003c005000500050005000640064006400640008080808070707070606060605050505,,0x0,0x9
PortSelsingCutscene,0x0,0x0,0x0,0x0,PortSelsingMap,0x0,0x0,PortSelsingChanges,0,4,0,PortSelsingCutscene,0,,0,0x0,,0,0,0,0,0,0,0,0,,50,,0,0,PrologueEvent,0x1,0xffff00,0,,1,0x1,0,0,0x0,0,0x0,255,0,,,,0x100,0x0,0xffffffffffffffffffff,0x42400000424000004240000042400000028002800280028003c003c003c003c005000500050005000640064006400640008080808070707070606060605050505,,0x0,0x9
KendrickShipCutscene,0x0,0x0,0x0,0x0,KendrickShipMap,0x0,0x0,0x0,0,4,0,KendrickShipCutscene,0,,0,0x0,,0,0,0,0,0,0,0,0,,50,,0,0,PrologueEvent,0x1,0xffff00,0,,1,0x1,0,0,0x0,0,0x0,255,0,,,,0x100,0x0,0xffffffffffffffffffff,0x42400000424000004240000042400000028002800280028003c003c003c003c005000500050005000640064006400640008080808070707070606060605050505,,0x0,0x9
MistlainThroneCutscene,0x0,0x0,0x0,0x0,MistlainThroneCutsceneMap,0x0,0x0,0x0,0,4,0,MistlainThroneCutscene,0,,0,0x0,,0,0,0,0,0,0,0,0,,50,,0,0,PrologueEvent,0x1,0xffff00,0,,1,0x1,0,0,0x0,0,0x0,255,0,,,,0x100,0x0,0xffffffffffffffffffff,0x42400000424000004240000042400000028002800280028003c003c003c003c005000500050005000640064006400640008080808070707070606060605050505,,0x0,0x9
MilitaryHaedricBadEndingCutscene,0x0,0x01,0x5B,0x03,CaravanPathMap,_01Anims,0x0,0x0,0,4,0,MilitaryHaedricBadEndingCutscene,0,,0,0x0,,0,0,0,0,0,0,0,0,,50,,0,0,PrologueEvent,0x1,0xffff00,6,,1,0x1,0,0,0x0,0,0x0,255,0,,,,0x100,0x0,0xffffffffffffffffffff,0x42400000424000004240000042400000028002800280028003c003c003c003c005000500050005000640064006400640008080808070707070606060605050505,,0x0,0x9
,,,,,,,,,,,,,,,,,,,,,,,,,,,,,,,,,,,,,,,,,,,,,,,,,,,,,,
0x3A Link Arena,0x0,0x0,0x0,0x0,0xc9,0x0,0x0,0x0,0,4,0,0x3A,0,,0,0x0,,0x0,0x0,Binding_Vow,0x0,0x0,Binding_Vow,0,0,,50,,0x0,0x0,PrologueEvent,0x1,0xffff00,0,,1,0x1,0x0,0x0,0x0,0,0x0,255,0,,,,0x100,0x234,0xffffffffffffffffffff,0x42400000424000004240000042400000028002800280028003c003c003c003c005000500050005000640064006400640008080808070707070606060605050505,,0x0,0x0
